{"stats":{"minecraft:broken":{"minecraft:iron_shovel":2,"minecraft:diamond_pickaxe":1,"minecraft:iron_pickaxe":1},"minecraft:mined":{"minecraft:diamond_ore":24,"minecraft:dark_oak_leaves":23,"minecraft:cobblestone_stairs":2,"minecraft:dark_oak_log":137,"minecraft:granite":129,"minecraft:grass_block":338,"minecraft:spruce_leaves":16,"minecraft:hay_block":44,"minecraft:redstone_ore":42,"minecraft:iron_ore":161,"minecraft:andesite":70,"minecraft:bookshelf":4,"minecraft:cobblestone_slab":1,"minecraft:rail":13,"minecraft:oak_stairs":1,"minecraft:stone":1196,"minecraft:kelp_plant":1,"minecraft:oak_fence":2,"minecraft:torch":8,"minecraft:emerald_ore":6,"minecraft:chest":3,"minecraft:cobblestone":25,"minecraft:lapis_ore":32,"minecraft:sugar_cane":297,"minecraft:diorite":126,"minecraft:wall_torch":4,"minecraft:birch_log":4,"minecraft:wheat":14,"minecraft:spruce_log":19,"minecraft:grass_path":6,"minecraft:grass":44,"minecraft:oak_log":93,"minecraft:coal_ore":355,"minecraft:beetroots":85,"minecraft:gravel":130,"minecraft:dirt":268,"minecraft:cobweb":56,"minecraft:gold_ore":11,"minecraft:oak_leaves":65},"minecraft:killed":{"minecraft:cave_spider":8,"minecraft:spider":1,"minecraft:skeleton":4,"minecraft:silverfish":7,"minecraft:drowned":2,"minecraft:creeper":3,"minecraft:zombie":9},"minecraft:killed_by":{"minecraft:player":4},"minecraft:used":{"minecraft:oak_fence":26,"minecraft:iron_shovel":684,"minecraft:flint_and_steel":6,"minecraft:chest":7,"minecraft:shield":2,"minecraft:iron_sword":162,"minecraft:cooked_salmon":11,"minecraft:rotten_flesh":3,"minecraft:oak_door":2,"minecraft:torch":257,"minecraft:dirt":270,"minecraft:granite":15,"minecraft:wooden_axe":15,"minecraft:iron_axe":260,"minecraft:oak_stairs":6,"minecraft:oak_sapling":1,"minecraft:furnace":4,"minecraft:cooked_cod":22,"minecraft:beetroot_seeds":96,"minecraft:egg":12,"minecraft:dark_oak_sapling":4,"minecraft:wheat_seeds":46,"minecraft:water_bucket":10,"minecraft:diorite":24,"minecraft:cobblestone_stairs":4,"minecraft:birch_planks":4,"minecraft:stone_pickaxe":101,"minecraft:oak_planks":115,"minecraft:lily_pad":2,"minecraft:wooden_pickaxe":6,"minecraft:birch_boat":2,"minecraft:sugar_cane":7,"minecraft:cobblestone_slab":1,"minecraft:redstone_block":5,"minecraft:crafting_table":8,"minecraft:white_bed":2,"minecraft:campfire":1,"minecraft:cod":4,"minecraft:diamond_pickaxe":1666,"minecraft:apple":1,"minecraft:bread":24,"minecraft:iron_pickaxe":431,"minecraft:gravel":14,"minecraft:spruce_sapling":4,"minecraft:stone_axe":5,"minecraft:fishing_rod":110,"minecraft:cobblestone":112,"minecraft:andesite":7,"minecraft:bucket":11,"minecraft:bone_meal":12},"minecraft:dropped":{"minecraft:enchanted_book":1,"minecraft:stone_hoe":1,"minecraft:bread":6,"minecraft:iron_sword":1,"minecraft:tropical_fish":1,"minecraft:rail":5,"minecraft:pufferfish":15,"minecraft:stick":9,"minecraft:torch":132,"minecraft:wooden_axe":1,"minecraft:cooked_cod":37,"minecraft:iron_leggings":2,"minecraft:bone_meal":18,"minecraft:iron_axe":1,"minecraft:string":2,"minecraft:fishing_rod":1,"minecraft:redstone":4,"minecraft:gravel":5,"minecraft:stone_axe":2,"minecraft:stone_shovel":1,"minecraft:iron_boots":2,"minecraft:shield":2,"minecraft:diamond_pickaxe":1,"minecraft:iron_chestplate":1,"minecraft:melon_seeds":2,"minecraft:bow":2,"minecraft:wooden_pickaxe":3,"minecraft:stone_pickaxe":2},"minecraft:picked_up":{"minecraft:fishing_rod":5,"minecraft:iron_chestplate":2,"minecraft:crafting_table":4,"minecraft:wheat":30,"minecraft:redstone_block":21,"minecraft:chicken":1,"minecraft:suspicious_stew":1,"minecraft:wooden_pickaxe":1,"minecraft:oak_stairs":1,"minecraft:enchanted_book":2,"minecraft:shield":7,"minecraft:string":55,"minecraft:iron_axe":2,"minecraft:cooked_salmon":19,"minecraft:iron_leggings":1,"minecraft:iron_shovel":3,"minecraft:pufferfish":32,"minecraft:beetroot":68,"minecraft:cracked_stone_bricks":1,"minecraft:gold_nugget":10,"minecraft:cobblestone_slab":1,"minecraft:iron_pickaxe":5,"minecraft:minecart":1,"minecraft:sugar_cane":302,"minecraft:chest":4,"minecraft:birch_sapling":2,"minecraft:iron_boots":6,"minecraft:egg":57,"minecraft:dark_oak_sapling":11,"minecraft:stick":86,"minecraft:oak_door":1,"minecraft:composter":1,"minecraft:oak_fence":2,"minecraft:torch":158,"minecraft:bowl":3,"minecraft:dried_kelp":64,"minecraft:diorite":170,"minecraft:redstone":196,"minecraft:arrow":46,"minecraft:rotten_flesh":18,"minecraft:cooked_cod":117,"minecraft:tropical_fish":1,"minecraft:beetroot_seeds":195,"minecraft:hay_block":44,"minecraft:saddle":1,"minecraft:gold_ingot":5,"minecraft:white_wool":8,"minecraft:cod":51,"minecraft:rail":21,"minecraft:cobblestone":1954,"minecraft:nautilus_shell":1,"minecraft:birch_log":25,"minecraft:leather_chestplate":1,"minecraft:lilac":1,"minecraft:tripwire_hook":1,"minecraft:salmon":9,"minecraft:andesite":110,"minecraft:filled_map":3,"minecraft:flint":9,"minecraft:oak_log":299,"minecraft:lily_pad":2,"minecraft:gunpowder":3,"minecraft:cobblestone_stairs":1,"minecraft:paper":13,"minecraft:map":1,"minecraft:lapis_lazuli":324,"minecraft:dirt":816,"minecraft:white_banner":1,"minecraft:bone":5,"minecraft:apple":7,"minecraft:kelp":36,"minecraft:bow":2,"minecraft:wheat_seeds":90,"minecraft:iron_ingot":4,"minecraft:stone_pickaxe":1,"minecraft:cobweb":1,"minecraft:iron_ore":225,"minecraft:iron_sword":10,"minecraft:stone_hoe":1,"minecraft:oak_planks":11,"minecraft:book":12,"minecraft:birch_boat":2,"minecraft:poisonous_potato":5,"minecraft:gravel":117,"minecraft:spruce_sapling":6,"minecraft:white_bed":1,"minecraft:spruce_log":19,"minecraft:gold_ore":11,"minecraft:dark_oak_log":137,"minecraft:spider_eye":7,"minecraft:leather_helmet":1,"minecraft:diamond":47,"minecraft:iron_helmet":2,"minecraft:granite":154,"minecraft:emerald":5,"minecraft:bread":49,"minecraft:oak_sapling":25,"minecraft:coal":502,"minecraft:diamond_pickaxe":1},"minecraft:custom":{"minecraft:mob_kills":35,"minecraft:animals_bred":2,"minecraft:interact_with_crafting_table":61,"minecraft:interact_with_campfire":49,"minecraft:leave_game":17,"minecraft:time_since_death":327216,"minecraft:sprint_one_cm":731849,"minecraft:walk_one_cm":1940419,"minecraft:damage_blocked_by_shield":605,"minecraft:drop":76,"minecraft:talked_to_villager":5,"minecraft:sneak_time":3825,"minecraft:deaths":5,"minecraft:walk_under_water_one_cm":33330,"minecraft:boat_one_cm":601070,"minecraft:jump":3222,"minecraft:walk_on_water_one_cm":90423,"minecraft:interact_with_furnace":202,"minecraft:play_one_minute":442367,"minecraft:sleep_in_bed":22,"minecraft:time_since_rest":4672,"minecraft:damage_taken":3644,"minecraft:damage_dealt":5407,"minecraft:player_kills":1,"minecraft:swim_one_cm":30328,"minecraft:fly_one_cm":828734,"minecraft:open_chest":437,"minecraft:crouch_one_cm":7960,"minecraft:fish_caught":67,"minecraft:fall_one_cm":25587},"minecraft:crafted":{"minecraft:oak_door":6,"minecraft:oak_planks":352,"minecraft:fishing_rod":1,"minecraft:furnace":4,"minecraft:cobblestone_stairs":4,"minecraft:bone_meal":30,"minecraft:flint_and_steel":1,"minecraft:iron_boots":2,"minecraft:iron_axe":2,"minecraft:stone_pickaxe":1,"minecraft:chest":4,"minecraft:iron_door":3,"minecraft:redstone_block":42,"minecraft:dried_kelp_block":14,"minecraft:oak_fence":45,"minecraft:cooked_cod":2,"minecraft:crafting_table":7,"minecraft:iron_helmet":1,"minecraft:dried_kelp":189,"minecraft:wooden_pickaxe":1,"minecraft:iron_sword":1,"minecraft:cooked_salmon":9,"minecraft:bucket":1,"minecraft:campfire":1,"minecraft:birch_planks":4,"minecraft:stone_axe":1,"minecraft:air":0,"minecraft:iron_chestplate":2,"minecraft:diamond_pickaxe":3,"minecraft:shield":1,"minecraft:stick":136,"minecraft:oak_stairs":8,"minecraft:iron_ingot":170,"minecraft:iron_pickaxe":2,"minecraft:wooden_axe":1,"minecraft:iron_shovel":5,"minecraft:iron_leggings":2,"minecraft:gold_ingot":28,"minecraft:white_bed":1,"minecraft:torch":308,"minecraft:shears":1,"minecraft:lapis_block":28}},"DataVersion":2554}