{"stats":{"minecraft:killed":{"minecraft:salmon":1,"minecraft:creeper":1,"minecraft:pillager":2,"minecraft:zombie":1,"minecraft:chicken":11,"minecraft:cow":3},"minecraft:custom":{"minecraft:interact_with_furnace":26,"minecraft:mob_kills":19,"minecraft:animals_bred":24,"minecraft:interact_with_crafting_table":22,"minecraft:interact_with_cartography_table":5,"minecraft:play_one_minute":132427,"minecraft:leave_game":4,"minecraft:time_since_death":132427,"minecraft:sleep_in_bed":11,"minecraft:climb_one_cm":238,"minecraft:time_since_rest":3895,"minecraft:sprint_one_cm":564494,"minecraft:damage_taken":873,"minecraft:walk_one_cm":521899,"minecraft:damage_blocked_by_shield":80,"minecraft:drop":11,"minecraft:damage_dealt":1640,"minecraft:swim_one_cm":28256,"minecraft:fly_one_cm":237251,"minecraft:open_chest":172,"minecraft:crouch_one_cm":3835,"minecraft:sneak_time":1307,"minecraft:walk_under_water_one_cm":14686,"minecraft:boat_one_cm":7367,"minecraft:jump":1793,"minecraft:walk_on_water_one_cm":15517,"minecraft:fall_one_cm":40299,"minecraft:horse_one_cm":153224},"minecraft:broken":{"minecraft:iron_shovel":3},"minecraft:picked_up":{"minecraft:wheat":279,"minecraft:azure_bluet":13,"minecraft:feather":12,"minecraft:lilac":15,"minecraft:chicken":11,"minecraft:salmon":1,"minecraft:dark_oak_boat":2,"minecraft:leather":3,"minecraft:brown_mushroom":15,"minecraft:red_mushroom":15,"minecraft:oak_log":1,"minecraft:dirt":681,"minecraft:cornflower":14,"minecraft:white_banner":1,"minecraft:blue_orchid":9,"minecraft:beetroot":34,"minecraft:wheat_seeds":815,"minecraft:spruce_planks":2,"minecraft:beef":6,"minecraft:rose_bush":5,"minecraft:cobblestone_slab":3,"minecraft:poppy":6,"minecraft:sugar_cane":261,"minecraft:chest":1,"minecraft:iron_boots":1,"minecraft:egg":43,"minecraft:dark_oak_sapling":4,"minecraft:stick":7,"minecraft:oak_fence":4,"minecraft:torch":2,"minecraft:dandelion":12,"minecraft:gravel":5,"minecraft:sand":1,"minecraft:white_bed":8,"minecraft:spruce_log":1,"minecraft:vine":11,"minecraft:lily_of_the_valley":7,"minecraft:dark_oak_log":52,"minecraft:dark_oak_planks":2,"minecraft:beetroot_seeds":98,"minecraft:peony":10,"minecraft:coal":18,"minecraft:white_wool":35,"minecraft:cobblestone":131,"minecraft:oxeye_daisy":5},"minecraft:crafted":{"minecraft:white_banner":2,"minecraft:oak_planks":8,"minecraft:cobblestone_slab":30,"minecraft:dark_oak_boat":1,"minecraft:map":2,"minecraft:crafting_table":3,"minecraft:dried_kelp":291,"minecraft:iron_helmet":1,"minecraft:bone_meal":3,"minecraft:air":0,"minecraft:cartography_table":1,"minecraft:hopper":1,"minecraft:iron_boots":1,"minecraft:iron_chestplate":1,"minecraft:paper":30,"minecraft:shield":1,"minecraft:iron_axe":1,"minecraft:stick":8,"minecraft:compass":2,"minecraft:iron_pickaxe":1,"minecraft:chest":6,"minecraft:iron_shovel":2,"minecraft:iron_leggings":1,"minecraft:dark_oak_planks":72,"minecraft:torch":32,"minecraft:stone_hoe":1},"minecraft:dropped":{"minecraft:wheat_seeds":62,"minecraft:chicken":1,"minecraft:feather":1,"minecraft:dirt":6,"minecraft:spruce_planks":2,"minecraft:dried_kelp":18,"minecraft:sand":1,"minecraft:dark_oak_planks":3,"minecraft:dandelion":1,"minecraft:egg":1},"minecraft:used":{"minecraft:oak_fence":4,"minecraft:beetroot":20,"minecraft:wheat_seeds":320,"minecraft:water_bucket":34,"minecraft:iron_shovel":646,"minecraft:dried_kelp":161,"minecraft:cartography_table":1,"minecraft:chest":6,"minecraft:cobblestone_slab":30,"minecraft:iron_sword":36,"minecraft:sugar_cane":105,"minecraft:stone_hoe":1,"minecraft:torch":5,"minecraft:dirt":301,"minecraft:crafting_table":3,"minecraft:white_bed":8,"minecraft:shears":11,"minecraft:milk_bucket":1,"minecraft:dark_oak_planks":2,"minecraft:iron_axe":156,"minecraft:filled_map":3,"minecraft:iron_pickaxe":151,"minecraft:cobblestone":8,"minecraft:dark_oak_boat":2,"minecraft:white_banner":2,"minecraft:beetroot_seeds":96,"minecraft:bucket":33,"minecraft:egg":21},"minecraft:mined":{"minecraft:dark_oak_planks":2,"minecraft:spruce_planks":3,"minecraft:white_bed":8,"minecraft:dark_oak_leaves":64,"minecraft:lily_of_the_valley":9,"minecraft:dark_oak_log":52,"minecraft:dandelion":13,"minecraft:oak_fence":4,"minecraft:crafting_table":1,"minecraft:cornflower":14,"minecraft:torch":2,"minecraft:grass_block":283,"minecraft:poppy":8,"minecraft:jungle_planks":2,"minecraft:chest":1,"minecraft:mushroom_stem":9,"minecraft:brown_mushroom_block":40,"minecraft:cobblestone":8,"minecraft:spruce_leaves":4,"minecraft:sugar_cane":258,"minecraft:oxeye_daisy":5,"minecraft:wheat":318,"minecraft:spruce_log":1,"minecraft:peony":1,"minecraft:azure_bluet":13,"minecraft:grass":29,"minecraft:oak_log":1,"minecraft:coal_ore":18,"minecraft:beetroots":35,"minecraft:cobblestone_slab":2,"minecraft:vine":11,"minecraft:gravel":5,"minecraft:sand":2,"minecraft:dirt":403,"minecraft:red_mushroom_block":44,"minecraft:stone":123,"minecraft:blue_orchid":10,"minecraft:oak_leaves":20}},"DataVersion":2230}