{"stats":{"minecraft:broken":{"minecraft:iron_shovel":4,"minecraft:flint_and_steel":5,"minecraft:stone_hoe":2,"minecraft:stone_pickaxe":1,"minecraft:iron_axe":1},"minecraft:mined":{"minecraft:diamond_ore":15,"minecraft:white_bed":1,"minecraft:cobblestone_stairs":1,"minecraft:granite":41,"minecraft:grass_block":749,"minecraft:kelp":19,"minecraft:hopper":8,"minecraft:composter":3,"minecraft:spawner":4,"minecraft:redstone_ore":82,"minecraft:magma_block":1,"minecraft:iron_ore":154,"minecraft:andesite":82,"minecraft:rail":81,"minecraft:stone":740,"minecraft:redstone_block":5,"minecraft:kelp_plant":50,"minecraft:oak_fence":8,"minecraft:crafting_table":1,"minecraft:torch":24,"minecraft:emerald_ore":1,"minecraft:chest":7,"minecraft:cobblestone":13,"minecraft:lapis_ore":21,"minecraft:lily_pad":2,"minecraft:oak_planks":1,"minecraft:sugar_cane":81,"minecraft:wall_torch":10,"minecraft:diorite":29,"minecraft:seagrass":5,"minecraft:birch_log":75,"minecraft:wheat":627,"minecraft:white_carpet":2,"minecraft:birch_leaves":2,"minecraft:grass_path":13,"minecraft:grass":328,"minecraft:coal_ore":536,"minecraft:oak_log":345,"minecraft:beetroots":4,"minecraft:oak_fence_gate":1,"minecraft:gravel":26,"minecraft:dirt":398,"minecraft:cobweb":96,"minecraft:cracked_stone_bricks":1,"minecraft:tripwire_hook":1,"minecraft:gold_ore":26,"minecraft:oak_leaves":95,"minecraft:infested_stone":2},"minecraft:killed":{"minecraft:cave_spider":11,"minecraft:spider":10,"minecraft:cod":5,"minecraft:skeleton":6,"minecraft:silverfish":1,"minecraft:creeper":2,"minecraft:zombie":13},"minecraft:killed_by":{"minecraft:player":1,"minecraft:creeper":3,"minecraft:spider":1,"minecraft:skeleton":7,"minecraft:zombie":1},"minecraft:used":{"minecraft:oak_fence":41,"minecraft:stone_sword":84,"minecraft:iron_shovel":1030,"minecraft:flint_and_steel":320,"minecraft:dried_kelp":59,"minecraft:stone_shovel":51,"minecraft:chest":19,"minecraft:shield":4,"minecraft:iron_sword":155,"minecraft:rotten_flesh":3,"minecraft:stone_hoe":471,"minecraft:oak_door":5,"minecraft:torch":359,"minecraft:dirt":994,"minecraft:white_carpet":5,"minecraft:hopper":10,"minecraft:granite":7,"minecraft:oak_fence_gate":2,"minecraft:filled_map":1,"minecraft:iron_axe":395,"minecraft:melon_seeds":4,"minecraft:tripwire_hook":1,"minecraft:dark_oak_boat":5,"minecraft:furnace":15,"minecraft:cooked_cod":30,"minecraft:beetroot_seeds":12,"minecraft:egg":15,"minecraft:wheat_seeds":921,"minecraft:water_bucket":44,"minecraft:stone_pickaxe":301,"minecraft:lily_pad":4,"minecraft:wooden_pickaxe":8,"minecraft:birch_boat":1,"minecraft:sugar_cane":34,"minecraft:composter":3,"minecraft:cobblestone_slab":18,"minecraft:crafting_table":2,"minecraft:white_bed":2,"minecraft:pumpkin_seeds":4,"minecraft:shears":60,"minecraft:oak_log":12,"minecraft:diamond_pickaxe":1534,"minecraft:apple":2,"minecraft:bread":23,"minecraft:iron_pickaxe":36,"minecraft:gravel":3,"minecraft:pufferfish":1,"minecraft:stone_axe":100,"minecraft:fishing_rod":45,"minecraft:cobblestone":92,"minecraft:white_banner":1,"minecraft:andesite":15,"minecraft:bucket":45,"minecraft:birch_log":3,"minecraft:oak_boat":3,"minecraft:bone_meal":42},"minecraft:dropped":{"minecraft:enchanted_book":2,"minecraft:iron_ingot":2,"minecraft:bread":25,"minecraft:iron_sword":3,"minecraft:birch_planks":3,"minecraft:lapis_lazuli":31,"minecraft:oak_log":49,"minecraft:diamond":6,"minecraft:crafting_table":1,"minecraft:cobblestone":232,"minecraft:granite":5,"minecraft:tropical_fish":2,"minecraft:coal":54,"minecraft:cod":4,"minecraft:pufferfish":3,"minecraft:dirt":67,"minecraft:diorite":28,"minecraft:torch":23,"minecraft:cooked_cod":18,"minecraft:cooked_salmon":7,"minecraft:iron_axe":1,"minecraft:iron_pickaxe":2,"minecraft:iron_shovel":1,"minecraft:string":12,"minecraft:fishing_rod":2,"minecraft:redstone_block":8,"minecraft:redstone":4,"minecraft:iron_nugget":5,"minecraft:wheat":8,"minecraft:beetroot":1,"minecraft:rotten_flesh":2,"minecraft:oak_planks":9,"minecraft:iron_boots":2,"minecraft:white_bed":1,"minecraft:filled_map":1,"minecraft:shield":2,"minecraft:andesite":10,"minecraft:beetroot_seeds":1,"minecraft:iron_ore":22,"minecraft:arrow":8,"minecraft:stone_pickaxe":1},"minecraft:picked_up":{"minecraft:wooden_axe":1,"minecraft:fishing_rod":6,"minecraft:iron_chestplate":1,"minecraft:crafting_table":1,"minecraft:wheat":590,"minecraft:redstone_block":8,"minecraft:wooden_pickaxe":4,"minecraft:enchanted_book":3,"minecraft:shield":9,"minecraft:string":95,"minecraft:iron_axe":7,"minecraft:cooked_salmon":8,"minecraft:iron_leggings":2,"minecraft:white_carpet":2,"minecraft:iron_shovel":6,"minecraft:pufferfish":11,"minecraft:beetroot":5,"minecraft:detector_rail":1,"minecraft:bucket":1,"minecraft:oak_boat":1,"minecraft:iron_pickaxe":3,"minecraft:minecart":4,"minecraft:sugar_cane":84,"minecraft:chest":9,"minecraft:birch_sapling":14,"minecraft:iron_boots":4,"minecraft:egg":74,"minecraft:stick":94,"minecraft:oak_door":3,"minecraft:composter":3,"minecraft:oak_fence":20,"minecraft:torch":206,"minecraft:bowl":1,"minecraft:diorite":85,"minecraft:redstone":507,"minecraft:stone_sword":5,"minecraft:arrow":28,"minecraft:rotten_flesh":23,"minecraft:cooked_cod":69,"minecraft:tropical_fish":3,"minecraft:beetroot_seeds":9,"minecraft:peony":2,"minecraft:cod":19,"minecraft:rail":163,"minecraft:white_wool":1,"minecraft:cobblestone":1206,"minecraft:birch_log":78,"minecraft:magma_block":1,"minecraft:andesite":91,"minecraft:tripwire_hook":3,"minecraft:water_bucket":2,"minecraft:salmon":6,"minecraft:dark_oak_boat":4,"minecraft:flint":7,"minecraft:oak_log":407,"minecraft:lily_pad":4,"minecraft:gunpowder":8,"minecraft:cobblestone_stairs":4,"minecraft:lapis_lazuli":251,"minecraft:dirt":1281,"minecraft:name_tag":2,"minecraft:bone":6,"minecraft:apple":5,"minecraft:kelp":650,"minecraft:bow":3,"minecraft:wheat_seeds":1592,"minecraft:iron_ingot":14,"minecraft:oak_fence_gate":1,"minecraft:stone_pickaxe":8,"minecraft:cobweb":74,"minecraft:iron_ore":246,"minecraft:stone_hoe":2,"minecraft:iron_sword":9,"minecraft:oak_planks":22,"minecraft:gravel":75,"minecraft:white_bed":1,"minecraft:gold_ore":43,"minecraft:spider_eye":14,"minecraft:diamond":32,"minecraft:stone_axe":5,"minecraft:iron_helmet":1,"minecraft:granite":71,"minecraft:bone_meal":18,"minecraft:bread":6,"minecraft:emerald":2,"minecraft:oak_sapling":76,"minecraft:melon_seeds":2,"minecraft:coal":836,"minecraft:hopper":8,"minecraft:diamond_pickaxe":3},"minecraft:custom":{"minecraft:mob_kills":51,"minecraft:animals_bred":20,"minecraft:inspect_hopper":7,"minecraft:interact_with_crafting_table":82,"minecraft:interact_with_campfire":4,"minecraft:leave_game":43,"minecraft:time_since_death":39710,"minecraft:sprint_one_cm":1070921,"minecraft:walk_one_cm":2000954,"minecraft:damage_blocked_by_shield":925,"minecraft:drop":103,"minecraft:talked_to_villager":5,"minecraft:deaths":18,"minecraft:sneak_time":9691,"minecraft:walk_under_water_one_cm":95772,"minecraft:boat_one_cm":678822,"minecraft:jump":5652,"minecraft:walk_on_water_one_cm":108232,"minecraft:interact_with_furnace":111,"minecraft:interact_with_cartography_table":2,"minecraft:play_one_minute":425835,"minecraft:interact_with_grindstone":2,"minecraft:sleep_in_bed":21,"minecraft:time_since_rest":9340,"minecraft:damage_taken":6752,"minecraft:damage_dealt":9244,"minecraft:swim_one_cm":123865,"minecraft:fly_one_cm":748063,"minecraft:player_kills":4,"minecraft:open_chest":332,"minecraft:crouch_one_cm":28319,"minecraft:fish_caught":14,"minecraft:fall_one_cm":99936,"minecraft:horse_one_cm":142413},"minecraft:crafted":{"minecraft:oak_planks":256,"minecraft:cobblestone_slab":18,"minecraft:stone_shovel":1,"minecraft:fishing_rod":1,"minecraft:birch_boat":1,"minecraft:furnace":15,"minecraft:stone":355,"minecraft:bone_meal":24,"minecraft:white_carpet":3,"minecraft:flint_and_steel":5,"minecraft:hopper":1,"minecraft:iron_axe":1,"minecraft:stone_pickaxe":4,"minecraft:chest":9,"minecraft:stone_hoe":4,"minecraft:oak_fence":42,"minecraft:crafting_table":2,"minecraft:dried_kelp":3,"minecraft:wooden_pickaxe":1,"minecraft:iron_helmet":1,"minecraft:iron_sword":2,"minecraft:bucket":8,"minecraft:birch_planks":12,"minecraft:stone_axe":1,"minecraft:bread":98,"minecraft:air":0,"minecraft:oak_fence_gate":1,"minecraft:oak_boat":2,"minecraft:white_wool":8,"minecraft:diamond_pickaxe":1,"minecraft:charcoal":5,"minecraft:shield":1,"minecraft:stick":168,"minecraft:iron_ingot":69,"minecraft:stone_sword":2,"minecraft:iron_shovel":4,"minecraft:white_bed":2,"minecraft:torch":304,"minecraft:shears":2}},"DataVersion":2554}